{
  "training_date": "2025-08-30T11:49:41.228773",
  "best_model": "logistic_regression",
  "cross_validation_results": {
    "random_forest": {
      "mean_accuracy": 0.8016156462585033,
      "std_accuracy": 0.02489711115242904
    },
    "logistic_regression": {
      "mean_accuracy": 0.8139455782312925,
      "std_accuracy": 0.029757774251760048
    },
    "xgboost": {
      "mean_accuracy": 0.7890306122448979,
      "std_accuracy": 0.04103576217877121
    }
  },
  "test_performance": {
    "accuracy": 0.8688524590163934,
    "precision": 0.8125,
    "recall": 0.9285714285714286,
    "f1_score": 0.8666666666666667,
    "auc_roc": 0.9534632034632035
  },
  "data_info": {
    "source": "UCI Heart Disease Dataset",
    "total_samples": "Loaded from real dataset"
  }
}