{
  "timestamp": "2025-08-29T19:44:25.064086",
  "tuning_method": "none",
  "results": {
    "individual_models": {
      "random_forest": {
        "best_params": {
          "n_estimators": 100,
          "max_depth": 10,
          "random_state": 42
        },
        "train_accuracy": 1.0,
        "val_accuracy": 0.7,
        "feature_importance": [
          0.09195622597392868,
          0.03290975645863455,
          0.03354734390171083,
          0.06328226942233758,
          0.057458101320414665,
          0.0061783444730120285,
          0.011203440674130132,
          0.07366651758392773,
          0.009218482314907444,
          0.11003452614465659,
          0.025659727628766324,
          0.08309014076835773,
          0.0315519200697913,
          0.023262480280233318,
          0.02311924248209591,
          0.02165387299997801,
          0.06005237192608752,
          0.06078752575565122,
          0.10753579801616127,
          0.07383191180521712
        ]
      },
      "xgboost": {
        "best_params": {
          "n_estimators": 100,
          "max_depth": 6,
          "learning_rate": 0.1,
          "random_state": 42
        },
        "train_accuracy": 1.0,
        "val_accuracy": 0.75,
        "feature_importance": [
          0.06386540830135345,
          0.07072380185127258,
          0.04621195048093796,
          0.046444572508335114,
          0.04754340276122093,
          0.0,
          0.009607330895960331,
          0.045280035585165024,
          0.0,
          0.0998496562242508,
          0.07191409915685654,
          0.12760822474956512,
          0.060248542577028275,
          0.0,
          0.0,
          0.0,
          0.07542061060667038,
          0.06065865978598595,
          0.1256197839975357,
          0.04900386556982994
        ]
      },
      "logistic_regression": {
        "best_params": {
          "C": 1,
          "solver": "lbfgs",
          "max_iter": 1000,
          "random_state": 42
        },
        "train_accuracy": 0.8285714285714286,
        "val_accuracy": 0.7,
        "feature_importance": [
          0.25539522139507814,
          1.245253941025776,
          0.11593314322988618,
          0.40931113709597294,
          0.036930586537118865,
          0.10300207407912444,
          0.04456010162839379,
          0.22470846785280305,
          0.1980074150029934,
          0.8587904394123178,
          0.47458230895645803,
          1.5967646904392785,
          0.4874270806165476,
          0.07045478643997599,
          0.513692838420228,
          0.14459995987166296,
          0.08624254489048298,
          0.618123851372364,
          0.420587719711285,
          0.22081256613671238
        ]
      }
    },
    "ensemble_performance": {},
    "best_model_name": "xgboost",
    "best_score": 0.75
  }
}